timestamp,skill,model,findings_count,new_findings_count,action_items_count
2026-03-20T12:00:00Z,scout,claude-opus-4-6,54,14,28
2026-03-21,landing-page,ui,11,1,1,0,1,test-coverage,3,shipped
2026-03-22,intervention-model,scoring,6,0,3,0,0,,3,shipped
2026-03-22,case-studies,scoring,7,0,3,0,0,,4,shipped
2026-03-22,help-system,ui,22,1,3,0,3,,6,shipped
2026-03-22,landing-page-enhancement,ui,9,1,1,0,1,scope-creep,4,shipped
2026-03-22,pdf-export,ui,3,1,4,0,2,circular-import;error-handling,5,shipped
2026-03-22,database-persistence,api,13,1,3,0,3,lazy-init;missing-tests;error-handling,5,shipped
2026-03-22,ux-polish,ui,18,2,5,1,2,localStorage;scope-creep;hydration,5,shipped
2026-03-23,benchmark-context,ui,7,1,1,0,1,missing-tests,4,shipped
